dchism|dchism|Dennis|Chism|graduate|dchismID.png
wabram|wabram|William|Abram|graduate|wabramID.png
agrove9|agrove9|Alyssa|Grove|advisor|agroveID.png
jgross11|jgross11|Josh|Gross|admin|jgross11ID.png
acastro|acastro|Adrian|Castro|graduate|acastroID.png
